filename	bytes	sha256_12
game_air.webp	20500	3518d3764d74
game_urea.webp	17670	cc870ef4e1d5
game_glukosa.webp	30148	f1733ac92dbd
game_ion.webp	36596	cf463bd3ac53
game_sel_darah_merah.webp	15984	0d7ee6e14802
game_protein_besar.webp	21512	4270da2818af
sim_nephron_full.webp	183140	ebeb36f2f902
sim_glomerulus.webp	80088	6babf077e1a1
sim_reabsorpsi.webp	75904	92c1d1668d4c
sim_sekresi_collecting.webp	57406	ee46d700cbda
niddk_kidney_nephron.png	2142508	1d7f12e5ea27
niddk_urinary_tract.png	1242841	01995aaa323b
niddk_nephron_unlabeled.png	2142508	1d7f12e5ea27
v2_fungsi_ginjal_kemenkes.png	1971311	0a128f375344
v4_faktor_ginjal_kemenkes.png	1906214	9eb25c2491fd
v6_kidney_stone.png	1652283	b8241ef08dc9
v7_hemodialysis.png	2022068	7c3e0ad169ce
v5_panduan_kesehatan_ginjal.png	1971311	0a128f375344
waving.webp	89344	dbbfe0115f77
teaching.webp	89344	dbbfe0115f77
thinking.webp	89344	dbbfe0115f77
thumbs.webp	89344	dbbfe0115f77
hydration.webp	89344	dbbfe0115f77
celebrate.webp	89344	dbbfe0115f77
game_asam_amino.png	1208568	e908e3478ec9
factory_console.webp	200028	53ae1fa1d81c
urine_collector.webp	184370	8583d09a6ba9
transporter.webp	139890	69d0798b4790
reservoir.webp	122870	35b611aaf390
filter_gate.webp	130646	a507e71ada43
water_valve.webp	151276	6f346b3979a1
secretion_pump.webp	148534	13e7b381dc64
medal.webp	146102	ae8dae1f8ba9
amino_acid.webp	78282	6bf8ab25cce6
foreign_substance.webp	63524	182757e0732e
kidney.webp	286108	ba3272ac4c47
corpuscle.webp	253784	7b11bb6c0965
cover.webp	169952	0d5ad56fb3e1
rbc.png	1312870	4a629143f779
wheel.png	1128496	30f84a90ad31
home.png	47663	a88cb266a353
material.png	31004	d840c76b1537
simulation.png	25157	3889b67edb9b
game.png	35922	99d0c02ae17a
reflection.png	36075	0ad9b0c29696
evaluation.png	34952	1969dabd0ca5
results.png	33867	5c2c29c569b8
objectives.png	37396	1f1f38c7ec6c
help.png	24876	3e707064f233
anatomy.png	34015	304f67e585ca
filtration.png	24711	24cbd78a4675
transport.png	29668	35121d66f1f3
health.png	38115	59b05cf7f5c1
back.png	29589	c4baed2d4c2e
next.png	24395	b3c91c96ce5b
zoom.png	37509	14296bcf89bb
exit.png	25714	c4b9d0f5d583
close.png	40015	0f7c662a5bf1
student_boy.webp	63186	17ae91defdab
student_girl.webp	60134	c6c733a25010
nefi_anime.webp	89344	dbbfe0115f77
cinematic_lab.webp	150664	cf764bc21e59
